{"cameraMode":{"drawMode":0,"name":"Shaded","section":"Shading Mode"},"sceneLighting":true,"audioPlay":false,"sceneViewState":{"showFog":true,"showMaterialUpdate":false,"showSkybox":true,"showFlares":true,"showImageEffects":true,"showParticleSystems":true},"in2DMode":false,"pivot":{"x":-5.975218772888184,"y":-6.2299580574035648,"z":18.245620727539064},"rotation":{"x":-0.2170601785182953,"y":0.20353427529335023,"z":-0.0463271401822567,"w":-0.9535940885543823},"size":1361.669921875,"orthographic":false}