{"cameraMode":{"drawMode":0,"name":"Shaded","section":"Shading Mode"},"sceneLighting":true,"audioPlay":false,"sceneViewState":{"showFog":true,"showMaterialUpdate":false,"showSkybox":true,"showFlares":true,"showImageEffects":true,"showParticleSystems":true},"in2DMode":false,"pivot":{"x":-15.948214530944825,"y":-13.786663055419922,"z":35.464534759521487},"rotation":{"x":-0.20564806461334229,"y":0.3357536792755127,"z":-0.07536458969116211,"w":-0.9161480069160461},"size":48.76252365112305,"orthographic":false}